<use name="FWCore/Framework"/>
<use name="FWCore/PluginManager"/>
<use name="FWCore/ParameterSet"/>
<use name="CLHEP" />
<use name="DataFormats/VertexReco"/>
<use name="DataFormats/PatCandidates"/>
<use name="JetMETCorrections/Modules"/>
<use name="ROOT"/>
<use name="FWCore/ServiceRegistry"/>
<use name="CommonTools/UtilAlgos"/>
<use name="SimDataFormats/GeneratorProducts"/>
<use name="PhysicsTools/Utilities"/>
<use name="SimDataFormats/PileupSummaryInfo" />
<use name="CondFormats/BTauObjects"/>
<use name="DataFormats/MuonReco"/>
<export>
  <lib   name="1"/>
</export>
